LECA_id;Site;Parcelle;Echantillon;Repet;Couples;Trt;nb_edge;nb_node;density;brown_sources;light_sources;bact_sources;fung_sources;brown_green_ratio;brownsum;greensum;bacteria_fungi_ratio;bactsum;fungsum;observation_id
BISE01_a;Mons;T1;1;1;A+;+;2285;395;0,014682259;256;33;224;23;23,94314381;7159;299;26,60869565;6732;253;BISE01_a
BISE01_b;Mons;T1;1;2;A+;+;4003;417;0,02307577;261;41;231;19;15,96644295;7137;447;23,61052632;6729;285;BISE01_b
BISE01_c;Mons;T1;1;3;A+;+;2943;381;0,020327393;251;29;219;21;21,01619433;5191;247;19,19047619;4836;252;BISE01_c
BISE01_d;Mons;T1;1;4;A+;+;2580;386;0,017360877;251;32;222;18;19,39705882;3957;204;35,13888889;3795;108;BISE01_d
BISE02_a;Mons;T1;2;1;A+;+;2424;380;0,016830996;244;33;214;19;16,05701754;3661;228;20,09356725;3436;171;BISE02_a
BISE02_b;Mons;T1;2;2;A+;+;3784;404;0,02324153;250;35;218;24;18,9833887;5714;301;25,30555556;5466;216;BISE02_b
BISE02_c;Mons;T1;2;3;A+;+;2373;388;0,015803564;250;36;221;20;18,57435897;3622;195;59,18333333;3551;60;BISE02_c
BISE02_d;Mons;T1;2;4;A+;+;2427;388;0,01616319;246;33;217;21;32,00641026;4993;156;22,76190476;4780;210;BISE02_d
BISE03_a;Mons;T1;3;1;A+;+;2396;380;0,016636578;247;36;216;20;21,92604502;6819;311;20,3;6496;320;BISE03_a
BISE03_b;Mons;T1;3;2;A+;+;1652;333;0,014942653;216;32;191;16;14,75565611;3261;221;17,39772727;3062;176;BISE03_b
BISE03_c;Mons;T1;3;3;A+;+;2273;334;0,020436604;213;32;189;14;12,31985294;3351;272;25,57936508;3223;126;BISE03_c
BISE03_d;Mons;T1;3;4;A+;+;2897;371;0,021104393;243;35;218;15;17,92546584;5772;322;28,02564103;5465;195;BISE03_d
BISE04_a;Mons;T1;4;1;A+;+;2279;334;0,02049055;225;21;203;15;30,9223301;3185;103;33,96666667;3057;90;BISE04_a
BISE04_b;Mons;T1;4;2;A+;+;3651;402;0,022648602;253;29;227;18;33,42613636;5883;176;39,55555556;5696;144;BISE04_b
BISE04_c;Mons;T1;4;3;A+;+;3360;357;0,026437541;226;31;203;15;24,59633028;5362;218;28,27777778;5090;180;BISE04_c
BISE04_d;Mons;T1;4;4;A+;+;2185;351;0,017785918;223;28;201;15;27,45528455;3377;123;30,8;3234;105;BISE04_d
BISE05_a;Mons;T2;1;1;B+;+;1710;328;0,015943164;249;12;218;21;48,26785714;2703;56;31,17857143;2619;84;BISE05_a
BISE05_b;Mons;T2;1;2;B+;+;3432;382;0,023580822;251;23;217;24;23,91875;3827;160;38,55208333;3701;96;BISE05_b
BISE05_c;Mons;T2;1;3;B+;+;3281;389;0,021738266;249;28;212;26;32,16853933;5726;178;35,48717949;5536;156;BISE05_c
BISE05_d;Mons;T2;1;4;B+;+;2112;362;0,016161369;253;16;224;18;31,81578947;4836;152;37,38095238;4710;126;BISE05_d
BISE06_a;Mons;T2;2;1;B+;+;2993;403;0,018474624;267;29;229;28;31,55921053;4797;152;23,44387755;4595;196;BISE06_a
BISE06_b;Mons;T2;2;2;B+;+;3296;446;0,016607044;288;34;244;36;24,8;6200;250;18,12345679;5872;324;BISE06_b
BISE06_c;Mons;T2;2;3;B+;+;3756;424;0,020942058;275;32;231;32;21,35010941;9757;457;21,73317308;9041;416;BISE06_c
BISE06_d;Mons;T2;2;4;B+;+;2917;401;0,018185786;261;27;220;29;38,88405797;8049;207;24,15360502;7705;319;BISE06_d
BISE07_a;Mons;T2;3;1;B+;+;3935;415;0,022903207;267;35;223;33;17,89821883;7034;393;15,11188811;6483;429;BISE07_a
BISE07_b;Mons;T2;3;2;B+;+;3252;352;0,026320901;220;25;186;23;17,61967213;5374;305;19,88932806;5032;253;BISE07_b
BISE07_c;Mons;T2;3;3;B+;+;2915;385;0,019717262;247;32;202;32;18,2283737;5268;289;15,215625;4869;320;BISE07_c
BISE07_d;Mons;T2;3;4;B+;+;4400;435;0,023306319;279;40;239;29;17,63970588;7197;408;17,79045093;6707;377;BISE07_d
BISE08_a;Mons;T2;4;1;B+;+;3173;418;0,018203619;276;25;237;26;35,47252747;6456;182;29,71153846;6180;208;BISE08_a
BISE08_b;Mons;T2;4;2;B+;+;3720;391;0,024395042;257;24;221;24;26,55454545;5842;220;23,1875;5565;240;BISE08_b
BISE08_c;Mons;T2;4;3;B+;+;3655;391;0,023968785;255;24;217;27;24,37130802;5776;237;22,42386831;5449;243;BISE08_c
BISE08_d;Mons;T2;4;4;B+;+;4266;422;0,024011888;275;25;238;25;20,13031915;7569;376;26,05090909;7164;275;BISE08_d
BISE09_a;Mons;T3;1;1;B-;-;3024;358;0,023660861;236;29;202;24;25;5700;228;21,95833333;5270;240;BISE09_a
BISE09_b;Mons;T3;1;2;B-;-;2843;343;0,024235759;223;23;190;26;22,1504065;5449;246;22,04273504;5158;234;BISE09_b
BISE09_c;Mons;T3;1;3;B-;-;2689;326;0,025379896;204;29;170;26;17,11428571;4193;245;16,77777778;3926;234;BISE09_c
BISE09_d;Mons;T3;1;4;B-;-;3002;347;0,025003748;228;27;194;26;18,58371041;4107;221;21,43406593;3901;182;BISE09_d
BISE10_a;Mons;T3;2;1;B-;-;3257;377;0,022976748;251;31;215;27;18,78969957;4378;233;16,88477366;4103;243;BISE10_a
BISE10_b;Mons;T3;2;2;B-;-;2988;398;0,018910674;257;33;219;29;27,13761468;5916;218;15,78448276;5493;348;BISE10_b
BISE10_c;Mons;T3;2;3;B-;-;3513;384;0,02388626;250;27;218;25;26,06074766;5577;214;19,07636364;5246;275;BISE10_c
BISE10_d;Mons;T3;2;4;B-;-;3061;384;0,020812935;257;32;223;24;31,72;7930;250;23,66346154;7383;312;BISE10_d
BISE11_a;Mons;T3;3;1;B-;-;3435;391;0,022526067;251;32;217;28;34,19018405;5573;163;16,95779221;5223;308;BISE11_a
BISE11_b;Mons;T3;3;2;B-;-;3648;391;0,02392288;252;39;217;31;16,62;5817;350;15,96187683;5443;341;BISE11_b
BISE11_c;Mons;T3;3;3;B-;-;3167;387;0,02120068;255;33;226;25;21,97368421;5010;228;21,16444444;4762;225;BISE11_c
BISE11_d;Mons;T3;3;4;B-;-;3639;386;0,024486912;246;30;223;21;24,30672269;5785;238;33,35119048;5603;168;BISE11_d
BISE12_a;Mons;T3;4;1;B-;-;2376;392;0,015501853;261;33;224;27;30,59090909;6057;198;27,00462963;5833;216;BISE12_a
BISE12_b;Mons;T3;4;2;B-;-;2718;411;0,016129607;278;31;233;32;25,31818182;5570;220;27,97395833;5371;192;BISE12_b
BISE12_c;Mons;T3;4;3;B-;-;3746;418;0,021490941;271;39;227;33;21,892;5473;250;26,45959596;5239;198;BISE12_c
BISE12_d;Mons;T3;4;4;B-;-;2683;381;0,018531565;259;28;223;27;19,46212121;5138;264;26,02116402;4918;189;BISE12_d
BISE13_a;Mons;T4;1;1;A-;-;3103;388;0,020665175;251;35;223;18;23,13852814;5345;231;28,62777778;5153;180;BISE13_a
BISE13_b;Mons;T4;1;2;A-;-;2614;396;0,016711418;254;32;225;20;16,2962963;3520;216;28,24166667;3389;120;BISE13_b
BISE13_c;Mons;T4;1;3;A-;-;3059;398;0,019360024;261;28;224;25;29,94512195;4911;164;26,98285714;4722;175;BISE13_c
BISE13_d;Mons;T4;1;4;A-;-;3006;400;0,018834586;257;40;227;19;19,15047022;6109;319;31,1;5909;190;BISE13_d
BISE14_a;Mons;T4;2;1;A-;-;2650;360;0,020504488;234;29;205;20;21,27777778;3830;180;37,02;3702;100;BISE14_a
BISE14_b;Mons;T4;2;2;A-;-;3537;384;0,024049445;252;28;220;20;28,01169591;4790;171;38,6;4632;120;BISE14_b
BISE14_c;Mons;T4;2;3;A-;-;2210;376;0,015673759;256;30;225;18;20,43708609;3086;151;27,22222222;2940;108;BISE14_c
BISE14_d;Mons;T4;2;4;A-;-;2795;371;0,020361332;240;27;214;18;36,94262295;4507;122;29,84722222;4298;144;BISE14_d
BISE15_a;Mons;T4;3;1;A-;-;3294;399;0,020742812;260;33;232;17;22,7961165;4696;206;26,07058824;4432;170;BISE15_a
BISE15_b;Mons;T4;3;2;A-;-;3242;422;0,018248134;274;36;244;22;27,87027027;5156;185;22,26363636;4898;220;BISE15_b
BISE15_c;Mons;T4;3;3;A-;-;2823;394;0,018231488;254;33;223;20;19,18918919;4970;259;26,15;4707;180;BISE15_c
BISE15_d;Mons;T4;3;4;A-;-;3395;401;0,021165835;265;33;231;22;31,24590164;5718;183;19,53479853;5333;273;BISE15_d
BISE16_a;Mons;T4;4;1;A-;-;3417;384;0,023233518;251;33;225;15;21,62835249;5645;261;40,14814815;5420;135;BISE16_a
BISE16_b;Mons;T4;4;2;A-;-;3344;401;0,02084788;263;33;236;15;27,10132159;6152;227;43,83703704;5918;135;BISE16_b
BISE16_c;Mons;T4;4;3;A-;-;3057;381;0,021114795;246;29;213;20;21,95686275;5599;255;33,375;5340;160;BISE16_c
BISE16_d;Mons;T4;4;4;A-;-;4049;404;0,024869174;253;28;221;20;22,47637795;5709;254;46,30833333;5557;120;BISE16_d
BISE17_a;Lus;T1;1;1;C+;+;2199;378;0,015430929;261;25;234;18;20,10294118;4101;204;44,4;3996;90;BISE17_a
BISE17_b;Lus;T1;1;2;C+;+;2796;381;0,01931206;264;23;245;12;21,72988506;3781;174;77,1875;3705;48;BISE17_b
BISE17_c;Lus;T1;1;3;C+;+;2731;378;0,019164105;253;24;234;11;23,42045455;4122;176;51,77922078;3987;77;BISE17_c
BISE17_d;Lus;T1;1;4;C+;+;2839;392;0,018522626;272;24;248;15;20,10655738;4906;244;39,39166667;4727;120;BISE17_d
BISE18_a;Lus;T1;2;1;C+;+;3118;397;0,019833092;282;19;252;21;33,96774194;6318;186;32,11111111;6069;189;BISE18_a
BISE18_b;Lus;T1;2;2;C+;+;3979;386;0,02677478;277;13;249;15;29,11764706;5940;204;47,89166667;5747;120;BISE18_b
BISE18_c;Lus;T1;2;3;C+;+;3345;373;0,024107066;252;26;226;18;20,95910781;5638;269;37,79166667;5442;144;BISE18_c
BISE18_d;Lus;T1;2;4;C+;+;3491;391;0,022893304;270;21;241;21;38,11666667;6861;180;31,07142857;6525;210;BISE18_d
BISE19_a;Lus;T1;3;1;C+;+;2714;409;0,016263963;280;26;249;24;17,49442379;4706;269;26,8452381;4510;168;BISE19_a
BISE19_b;Lus;T1;3;2;C+;+;3343;443;0,017073021;303;30;276;20;18,58028169;6596;355;35,43333333;6378;180;BISE19_b
BISE19_c;Lus;T1;3;3;C+;+;4465;449;0,022197144;302;31;273;23;14,58748222;10255;703;35,7173913;9858;276;BISE19_c
BISE19_d;Lus;T1;3;4;C+;+;3598;435;0,019058213;295;26;262;25;33,70168067;8021;238;19,0475;7619;400;BISE19_d
BISE20_a;Lus;T1;4;1;C+;+;3133;438;0,016368348;310;31;276;26;25,1417004;6210;247;58,47115385;6081;104;BISE20_a
BISE20_b;Lus;T1;4;2;C+;+;3509;412;0,020722604;281;32;251;22;23,64765101;7047;298;34,37878788;6807;198;BISE20_b
BISE20_c;Lus;T1;4;3;C+;+;3344;437;0,017550858;299;34;271;21;30,05701754;6853;228;161,9761905;6803;42;BISE20_c
BISE20_d;Lus;T1;4;4;C+;+;3372;430;0,018279395;292;32;265;18;21,16477273;7450;352;36,25757576;7179;198;BISE20_d
BISE21_a;Lus;T2;1;1;C-;-;3852;398;0,024378821;267;14;241;21;22,21016949;6552;295;29,95238095;6290;210;BISE21_a
BISE21_b;Lus;T2;1;2;C-;-;3709;363;0,0282255;246;13;217;21;22,75;5278;232;26,46031746;5001;189;BISE21_b
BISE21_c;Lus;T2;1;3;C-;-;2581;347;0,021497226;236;17;215;14;17,03603604;3782;222;43,8452381;3683;84;BISE21_c
BISE21_d;Lus;T2;1;4;C-;-;3320;423;0,018598815;291;16;262;25;26,34562212;5717;217;31,61142857;5532;175;BISE21_d
BISE22_a;Lus;T2;2;1;C-;-;4364;390;0,028765408;256;12;233;17;34,06315789;6472;190;46,34558824;6303;136;BISE22_a
BISE22_b;Lus;T2;2;2;C-;-;4374;416;0,025335959;279;16;249;21;26,80478088;6728;251;34,34920635;6492;189;BISE22_b
BISE22_c;Lus;T2;2;3;C-;-;4331;395;0,027828825;275;11;246;22;41,22699387;6720;163;29,12727273;6408;220;BISE22_c
BISE22_d;Lus;T2;2;4;C-;-;3998;395;0,025689134;271;17;241;23;32,67977528;5817;178;26,89371981;5567;207;BISE22_d
BISE23_a;Lus;T2;3;1;C-;-;3324;395;0,02135835;269;18;248;15;20,03246753;6170;308;44,31111111;5982;135;BISE23_a
BISE23_b;Lus;T2;3;2;C-;-;3344;377;0,023590496;258;13;235;19;24,11637931;5595;232;35,65789474;5420;152;BISE23_b
BISE23_c;Lus;T2;3;3;C-;-;3181;391;0,020860384;262;16;243;14;29,5990099;5979;202;52,125;5838;112;BISE23_c
BISE23_d;Lus;T2;3;4;C-;-;3826;421;0,021637824;295;14;269;20;25,13675214;5882;234;31,49444444;5669;180;BISE23_d
BISE24_a;Lus;T2;4;1;C-;-;3216;395;0,020664396;263;21;226;27;17,64547677;7217;409;20,92592593;6780;324;BISE24_a
BISE24_b;Lus;T2;4;2;C-;-;3993;409;0,02392852;275;20;239;25;20,06818182;5298;264;22,37333333;5034;225;BISE24_b
BISE24_c;Lus;T2;4;3;C-;-;1956;316;0,019650392;214;11;183;19;36,13872832;6252;173;34,3625731;5876;171;BISE24_c
BISE24_d;Lus;T2;4;4;C-;-;3600;364;0,027245482;230;18;192;27;16,77506775;6190;369;16,42735043;5766;351;BISE24_d
BISE25_a;Lus;T3;1;1;E+;+;3257;376;0,023099291;239;17;218;15;19,02189781;5212;274;37,27407407;5032;135;BISE25_a
BISE25_b;Lus;T3;1;2;E+;+;4217;381;0,029126951;251;20;224;20;16,55437666;6241;377;43,30714286;6063;140;BISE25_b
BISE25_c;Lus;T3;1;3;E+;+;2178;298;0,024608501;201;12;176;19;17,4375;3906;224;24,36184211;3703;152;BISE25_c
BISE25_d;Lus;T3;1;4;E+;+;3749;362;0,02868796;228;21;200;21;12,90047393;5444;422;27,5978836;5216;189;BISE25_d
BISE26_a;Lus;T3;2;1;E+;+;3263;367;0,024292372;237;17;211;21;17,63822526;5168;293;19,32936508;4871;252;BISE26_a
BISE26_b;Lus;T3;2;2;E+;+;3235;368;0,023953027;256;17;229;20;20,01606426;4984;249;40,225;4827;120;BISE26_b
BISE26_c;Lus;T3;2;3;E+;+;2135;302;0,023486832;194;15;172;17;17,0125523;4066;239;46,57647059;3959;85;BISE26_c
BISE26_d;Lus;T3;2;4;E+;+;1976;303;0,021594212;201;13;182;14;21,07142857;2655;126;36,61428571;2563;70;BISE26_d
BISE27_a;Lus;T3;3;1;E+;+;2554;355;0,020323068;243;11;212;23;20,36407767;4195;206;35,1826087;4046;115;BISE27_a
BISE27_b;Lus;T3;3;2;E+;+;3009;371;0,021920303;247;12;212;25;29,03448276;4210;145;32,352;4044;125;BISE27_b
BISE27_c;Lus;T3;3;3;E+;+;2497;330;0,022998987;213;13;183;25;17,52525253;3470;198;21,98666667;3298;150;BISE27_c
BISE27_d;Lus;T3;3;4;E+;+;3346;343;0,02852369;227;11;200;22;27;4860;180;20,96363636;4612;220;BISE27_d
BISE28_a;Lus;T3;4;1;E+;+;2758;334;0,024797252;210;20;179;25;10,87032419;4359;401;20,665;4133;200;BISE28_a
BISE28_b;Lus;T3;4;2;E+;+;2849;350;0,023323782;222;21;191;26;11,08716707;4579;413;13,49358974;4210;312;BISE28_b
BISE28_c;Lus;T3;4;3;E+;+;3091;345;0,026044826;223;21;195;18;12,60056657;4448;353;39,7962963;4298;108;BISE28_c
BISE28_d;Lus;T3;4;4;E+;+;2737;335;0,024461525;213;16;186;21;16,20895522;4344;268;19,54285714;4104;210;BISE28_d
BISE29_a;Lus;T4;1;1;E-;-;3893;374;0,02790641;250;12;231;17;26,82236842;8154;304;35,66063348;7881;221;BISE29_a
BISE29_b;Lus;T4;1;2;E-;-;4366;430;0,023667805;287;14;260;21;22,70072993;6220;274;31,76719577;6004;189;BISE29_b
BISE29_c;Lus;T4;1;3;E-;-;3201;392;0,020884441;261;17;235;22;19,51960784;3982;204;21,5;3784;176;BISE29_c
BISE29_d;Lus;T4;1;4;E-;-;3723;404;0,022866865;259;15;229;25;19,67126437;8557;435;21,42666667;8035;375;BISE29_d
BISE30_a;Lus;T4;2;1;E-;-;2983;337;0,026344143;225;8;197;23;26,18181818;3744;143;22,11801242;3561;161;BISE30_a
BISE30_b;Lus;T4;2;2;E-;-;2962;331;0,027117092;230;5;211;17;41,62222222;3746;90;26,46323529;3599;136;BISE30_b
BISE30_c;Lus;T4;2;3;E-;-;2585;315;0,02613487;222;7;202;16;49,71;4971;100;50,65625;4863;96;BISE30_c
BISE30_d;Lus;T4;2;4;E-;-;2465;329;0,022842687;230;7;202;21;36,96183206;4842;131;31,68707483;4658;147;BISE30_d
BISE31_a;Lus;T4;3;1;E-;-;3384;385;0,02288961;262;19;233;16;17,98046875;4603;256;46,36458333;4451;96;BISE31_a
BISE31_b;Lus;T4;3;2;E-;-;3201;352;0,02590812;231;11;205;19;25,12626263;4975;198;22,63157895;4730;209;BISE31_b
BISE31_c;Lus;T4;3;3;E-;-;3641;371;0,026524368;234;18;213;15;12,45476773;5094;409;36,4962963;4927;135;BISE31_c
BISE31_d;Lus;T4;3;4;E-;-;3964;394;0,025600289;260;16;234;17;23,77674419;5112;215;36,27941176;4934;136;BISE31_d
BISE32_a;Lus;T4;4;1;E-;-;3387;415;0,019713637;283;15;258;16;20,79310345;7839;377;46,91875;7507;160;BISE32_a
BISE32_b;Lus;T4;4;2;E-;-;3639;374;0,026085648;251;11;230;16;26,76966292;4765;178;36,09375;4620;128;BISE32_b
BISE32_c;Lus;T4;4;3;E-;-;2957;390;0,019491134;265;15;241;18;17,26612903;4282;248;28,55555556;4112;144;BISE32_c
BISE32_d;Lus;T4;4;4;E-;-;3803;414;0,022242107;287;13;255;26;29,5;5310;180;32,82051282;5120;156;BISE32_d
BISE33_a;Lus;TL6;1;1;D+;+;2274;310;0,02373943;225;14;201;20;21,07333333;3161;150;25,225;3027;120;BISE33_a
BISE33_b;Lus;TL6;1;2;D+;+;2552;348;0,021133525;240;15;211;21;22,35638298;4203;188;32,00793651;4033;126;BISE33_b
BISE33_c;Lus;TL6;1;3;D+;+;2465;351;0,02006512;240;14;214;21;24,38392857;5462;224;22,2987013;5151;231;BISE33_c
BISE33_d;Lus;TL6;1;4;D+;+;2999;345;0,025269633;228;19;202;22;13,9137931;4842;348;30,32467532;4670;154;BISE33_d
BISE34_a;Lus;TL6;2;1;D+;+;2462;392;0,016062947;272;18;249;18;23,28042328;4400;189;33,75396825;4253;126;BISE34_a
BISE34_b;Lus;TL6;2;2;D+;+;2678;328;0,0249683;229;19;209;14;15,12554113;3494;231;30,01785714;3362;112;BISE34_b
BISE34_c;Lus;TL6;2;3;D+;+;3027;369;0,022291446;260;19;230;23;20,75342466;6060;292;27,8647343;5768;207;BISE34_c
BISE34_d;Lus;TL6;2;4;D+;+;3043;397;0,019356029;280;14;253;22;31,11728395;5041;162;27,43181818;4828;176;BISE34_d
BISE35_a;Lus;TL6;3;1;D+;+;2748;354;0,021990685;233;15;212;17;16,78723404;4734;282;91,64705882;4674;51;BISE35_a
BISE35_b;Lus;TL6;3;2;D+;+;2726;387;0,018248517;275;17;242;27;24,01149425;4178;174;76,25925926;4118;54;BISE35_b
BISE35_c;Lus;TL6;3;3;D+;+;2597;338;0,022799501;215;18;192;19;16,72769953;3563;213;36,41052632;3459;95;BISE35_c
BISE35_d;Lus;TL6;3;4;D+;+;2589;328;0,02413851;215;18;195;15;18,39795918;3606;196;46,88;3516;75;BISE35_d
BISE36_a;Lus;TL6;4;1;D+;+;2808;343;0,023937395;224;14;198;16;15,88929889;4306;271;43,53125;4179;96;BISE36_a
BISE36_b;Lus;TL6;4;2;D+;+;3404;386;0,022905592;260;12;227;25;27,81690141;7900;284;30,084;7521;250;BISE36_b
BISE36_c;Lus;TL6;4;3;D+;+;2625;350;0,021489971;235;11;205;21;24,66860465;4243;172;39,14285714;4110;105;BISE36_c
BISE36_d;Lus;TL6;4;4;D+;+;3718;373;0,026795238;245;16;214;23;18,31147541;4468;244;37,56521739;4320;115;BISE36_d
BISE37_a;Lus;TL3;1;1;D-;-;3189;430;0,017287364;296;14;270;19;31,80555556;6870;216;71,24210526;6768;95;BISE37_a
BISE37_b;Lus;TL3;1;2;D-;-;3704;401;0,023092269;272;14;241;26;23,73626374;6480;273;34,56043956;6290;182;BISE37_b
BISE37_c;Lus;TL3;1;3;D-;-;3353;398;0,021220713;268;19;240;21;21,34090909;5634;264;66;5544;84;BISE37_c
BISE37_d;Lus;TL3;1;4;D-;-;3115;412;0,018395814;287;17;258;24;21,84705882;5571;255;45,38333333;5446;120;BISE37_d
BISE38_a;Lus;TL3;2;1;D-;-;4599;424;0,025642312;274;17;228;39;22,48138298;8453;376;13,27521368;7766;585;BISE38_a
BISE38_b;Lus;TL3;2;2;D-;-;5074;425;0,028157603;283;16;246;31;24,35433071;6186;254;23,86290323;5918;248;BISE38_b
BISE38_c;Lus;TL3;2;3;D-;-;5416;450;0,026805246;299;22;264;31;20,27296588;7724;381;26,55913978;7410;279;BISE38_c
BISE38_d;Lus;TL3;2;4;D-;-;3680;403;0,022715208;266;18;232;30;16,8630137;6155;365;19,40333333;5821;300;BISE38_d
BISE39_a;Lus;TL3;3;1;D-;-;3877;398;0,024537043;258;17;223;27;17,38147139;6379;367;20,33333333;6039;297;BISE39_a
BISE39_b;Lus;TL3;3;2;D-;-;4047;426;0,022352941;273;19;236;27;17,72628726;6541;369;18,96296296;6144;324;BISE39_b
BISE39_c;Lus;TL3;3;3;D-;-;4844;437;0,025423551;288;20;254;27;23,27672956;7402;318;29,34156379;7130;243;BISE39_c
BISE39_d;Lus;TL3;3;4;D-;-;3661;406;0,022264794;261;18;232;20;23,59281437;7880;334;23,225;7432;320;BISE39_d
BISE40_a;Lus;TL3;4;1;D-;-;4343;413;0,025523637;277;25;244;29;18,59813084;5970;321;17,63009404;5624;319;BISE40_a
BISE40_b;Lus;TL3;4;2;D-;-;4935;440;0,025548768;286;20;249;30;19,47203579;8704;447;21,08461538;8223;390;BISE40_b
BISE40_c;Lus;TL3;4;3;D-;-;4482;429;0,024410169;281;25;244;31;15,74346793;6628;421;25,65322581;6362;248;BISE40_c
BISE40_d;Lus;TL3;4;4;D-;-;4569;419;0,026087403;286;19;246;31;26,61904762;7267;273;22,29677419;6912;310;BISE40_d
BISE41_a;ThLaq;Th11;1;1;G-;-;4124;381;0,028484597;228;13;193;23;17,93230769;5828;325;30,46195652;5605;184;BISE41_a
BISE41_b;ThLaq;Th11;1;2;G-;-;5359;449;0,026641545;259;19;219;29;16,95085066;8967;529;24,58333333;8555;348;BISE41_b
BISE41_c;ThLaq;Th11;1;3;G-;-;3712;379;0,025910569;207;14;175;21;17,03125;6540;384;22,49450549;6141;273;BISE41_c
BISE41_d;ThLaq;Th11;1;4;G-;-;4392;404;0,026975899;232;19;190;28;13,88405797;6706;483;17,26373626;6284;364;BISE41_d
BISE42_a;ThLaq;Th11;2;1;G-;-;4823;461;0,022743563;292;17;240;36;23,09325397;11639;504;27,30808081;10814;396;BISE42_a
BISE42_b;ThLaq;Th11;2;2;G-;-;3249;374;0,023289989;227;14;183;30;23,19650655;5312;229;16,47666667;4943;300;BISE42_b
BISE42_c;ThLaq;Th11;2;3;G-;-;5256;429;0,02862558;256;20;205;36;19,03807107;7501;394;15,64349776;6977;446;BISE42_c
BISE42_d;ThLaq;Th11;2;4;G-;-;4294;421;0,024284583;250;17;203;32;27,09803922;6910;255;18,46590909;6500;352;BISE42_d
BISE43_a;ThLaq;Th11;3;1;G-;-;7454;534;0,026189121;308;23;250;43;19,64098837;13513;688;12,9640592;12264;946;BISE43_a
BISE43_b;ThLaq;Th11;3;2;G-;-;5931;460;0,028090367;270;17;220;36;17,03614458;11312;664;13,06691919;10349;792;BISE43_b
BISE43_c;ThLaq;Th11;3;3;G-;-;6115;477;0,026932157;283;13;233;39;23,55882353;11214;476;12,52625153;10259;819;BISE43_c
BISE43_d;ThLaq;Th11;3;4;G-;-;7204;545;0,024298435;323;22;268;39;17,31539424;13835;799;14,10033445;12648;897;BISE43_d
BISE44_a;ThLaq;Th11;4;1;G-;-;5581;431;0,030113851;244;18;210;22;17,86321627;9664;541;21,62440191;9039;418;BISE44_a
BISE44_b;ThLaq;Th11;4;2;G-;-;2996;338;0,02630239;183;13;149;22;17,34353741;5099;294;17,49450549;4776;273;BISE44_b
BISE44_c;ThLaq;Th11;4;3;G-;-;3552;372;0,025736892;212;15;175;23;18,8556338;5355;284;21,41772152;5076;237;BISE44_c
BISE44_d;ThLaq;Th11;4;4;G-;-;3801;366;0,028452728;205;10;169;23;21,34736842;6084;285;20,8442029;5753;276;BISE44_d
BISE45_a;ThLaq;Th13;1;1;G+;+;4577;422;0,025762403;264;15;217;32;27,45847176;8265;301;20,36197917;7819;384;BISE45_a
BISE45_b;ThLaq;Th13;1;2;G+;+;3028;359;0,023560169;230;11;191;25;29,55865922;5291;179;18,08363636;4973;275;BISE45_b
BISE45_c;ThLaq;Th13;1;3;G+;+;3803;359;0,029590265;224;14;183;25;19,08262712;9007;472;23,55428571;8244;350;BISE45_c
BISE45_d;ThLaq;Th13;1;4;G+;+;5536;447;0,027768582;282;17;242;29;23,77555556;10699;450;27,02387268;10188;377;BISE45_d
BISE46_a;ThLaq;Th13;2;1;G+;+;4456;435;0,023602945;255;18;212;35;15,69894737;7457;475;18,25714286;7029;385;BISE46_a
BISE46_b;ThLaq;Th13;2;2;G+;+;3935;373;0,028359134;204;12;171;27;23,01851852;6215;270;16,61538462;5832;351;BISE46_b
BISE46_c;ThLaq;Th13;2;3;G+;+;3722;379;0,025980372;222;14;184;30;19,36426117;5635;291;22,3;5352;240;BISE46_c
BISE46_d;ThLaq;Th13;2;4;G+;+;4593;425;0,025488346;246;19;204;34;16,86116323;8987;533;11,45378151;8178;714;BISE46_d
BISE47_a;ThLaq;Th13;3;1;G+;+;3425;343;0,029197143;200;13;176;18;22,66666667;5304;234;31,55555556;5112;162;BISE47_a
BISE47_b;ThLaq;Th13;3;2;G+;+;5289;431;0,028538283;247;19;208;31;18,83917526;9137;485;17,25403226;8558;496;BISE47_b
BISE47_c;ThLaq;Th13;3;3;G+;+;3488;376;0,024737589;200;18;165;28;21,1580756;6157;291;17,21130952;5783;336;BISE47_c
BISE47_d;ThLaq;Th13;3;4;G+;+;4313;379;0,030105681;213;15;176;29;19,28032345;7153;371;16,51231527;6704;406;BISE47_d
BISE48_a;ThLaq;Th13;4;1;G+;+;4611;375;0,032877005;213;14;170;26;27,34432234;7465;273;17,46666667;6812;390;BISE48_a
BISE48_b;ThLaq;Th13;4;2;G+;+;4657;409;0,027907618;233;17;189;28;19,53619303;7287;373;17,38010204;6813;392;BISE48_b
BISE48_c;ThLaq;Th13;4;3;G+;+;3079;322;0,02978851;162;12;119;26;13,92173913;4803;345;13,75320513;4291;312;BISE48_c
BISE48_d;ThLaq;Th13;4;4;G+;+;3475;341;0,0299724;180;13;135;28;14,5542522;4963;341;16,41071429;4595;280;BISE48_d
BISE49_a;ThLaq;Th18;1;1;F-;-;4923;413;0,028932274;227;13;183;33;28,79807692;8985;312;11,11019284;8066;726;BISE49_a
BISE49_b;ThLaq;Th18;1;2;F-;-;6261;416;0,036266219;220;13;175;35;24,57734807;8897;362;9,795031056;7885;805;BISE49_b
BISE49_c;ThLaq;Th18;1;3;F-;-;5647;411;0,033511364;221;16;181;31;16,15602837;9112;564;12,80491551;8336;651;BISE49_c
BISE49_d;ThLaq;Th18;1;4;F-;-;4889;404;0,030028499;222;14;185;30;18,24941176;7756;425;11,17142857;7038;630;BISE49_d
BISE50_a;ThLaq;Th18;2;1;F-;-;3185;328;0,029695308;178;5;141;29;39,30172414;4559;116;14,24915825;4232;297;BISE50_a
BISE50_b;ThLaq;Th18;2;2;F-;-;3754;377;0,026482871;227;5;190;28;42,50581395;7311;172;17,1125;6845;400;BISE50_b
BISE50_c;ThLaq;Th18;2;3;F-;-;4107;392;0,026795501;231;7;195;27;37,11445783;6161;166;21,68888889;5856;270;BISE50_c
BISE50_d;ThLaq;Th18;2;4;F-;-;3155;342;0,027053215;199;7;161;29;28,81770833;5533;192;16,18808777;5164;319;BISE50_d
BISE51_a;ThLaq;Th18;3;1;F-;-;5761;464;0,026816303;263;18;220;33;19,66477273;10383;528;12,29571984;9480;771;BISE51_a
BISE51_b;ThLaq;Th18;3;2;F-;-;4660;391;0,030559381;210;13;170;30;18,56743003;7297;393;15,84651163;6814;430;BISE51_b
BISE51_c;ThLaq;Th18;3;3;F-;-;5568;419;0,031791346;228;11;192;31;18,66081871;12764;684;15,27178153;11744;769;BISE51_c
BISE51_d;ThLaq;Th18;3;4;F-;-;5537;433;0,029600761;237;16;192;36;14,83034258;9091;613;12,48567119;8278;663;BISE51_d
BISE52_a;ThLaq;Th18;4;1;F-;-;5966;437;0,031312325;250;13;203;34;23,67;9468;400;13,97284345;8747;626;BISE52_a
BISE52_b;ThLaq;Th18;4;2;F-;-;6587;462;0,030927496;256;16;209;36;20,05660377;9567;477;12,57081545;8787;699;BISE52_b
BISE52_c;ThLaq;Th18;4;3;F-;-;5788;455;0,028019558;253;15;206;36;19,125;9792;512;12,09686221;8867;733;BISE52_c
BISE52_d;ThLaq;Th18;4;4;F-;-;5957;432;0,031993856;242;12;200;31;22,22009569;9288;418;14,63157895;8618;589;BISE52_d
BISE53_a;ThLaq;Th20;1;1;F+;+;4082;398;0,025834462;244;14;206;27;22,12323944;6283;284;15,28571429;5778;378;BISE53_a
BISE53_b;ThLaq;Th20;1;2;F+;+;4128;355;0,032847935;223;10;189;21;30,75225225;6827;222;21,89795918;6438;294;BISE53_b
BISE53_c;ThLaq;Th20;1;3;F+;+;3947;347;0,032874681;221;6;187;23;38,52413793;5586;145;18,98550725;5240;276;BISE53_c
BISE53_d;ThLaq;Th20;1;4;F+;+;5289;423;0,029629256;271;15;232;26;19,25531915;8145;423;21,11538462;7686;364;BISE53_d
BISE54_a;ThLaq;Th20;2;1;F+;+;4342;373;0,031292341;223;12;186;26;17,56818182;6957;396;17,89285714;6513;364;BISE54_a
BISE54_b;ThLaq;Th20;2;2;F+;+;4394;406;0,026722618;244;12;201;30;22,7;8399;370;12,735;7641;600;BISE54_b
BISE54_c;ThLaq;Th20;2;3;F+;+;5397;419;0,030814996;235;21;180;42;14,83458647;9865;665;7,642599278;8468;1108;BISE54_c
BISE54_d;ThLaq;Th20;2;4;F+;+;4566;382;0,031372387;237;13;197;28;21,382263;6992;327;16,12128713;6513;404;BISE54_d
BISE55_a;ThLaq;Th20;3;1;F+;+;3462;337;0,030574396;212;12;181;20;24,17117117;5366;222;23,06363636;5074;220;BISE55_a
BISE55_b;ThLaq;Th20;3;2;F+;+;4773;429;0,025995033;261;17;221;26;21,97342995;9097;414;17,03643725;8416;494;BISE55_b
BISE55_c;ThLaq;Th20;3;3;F+;+;3690;338;0,032395133;195;9;167;20;30,70520231;5312;173;20,90833333;5018;240;BISE55_c
BISE55_d;ThLaq;Th20;3;4;F+;+;4111;364;0,031112827;220;14;182;26;20,04081633;5892;294;15,79479769;5465;346;BISE55_d
BISE56_a;ThLaq;Th20;4;1;F+;+;5162;439;0,026845987;255;14;219;28;23,14933333;8681;375;16,66324435;8115;487;BISE56_a
BISE56_b;ThLaq;Th20;4;2;F+;+;2893;327;0,027138328;183;5;159;20;37,47857143;5247;140;16,44;4932;300;BISE56_b
BISE56_c;ThLaq;Th20;4;3;F+;+;3731;366;0,027928737;203;12;174;23;27,21757322;6505;239;16,54891304;6090;368;BISE56_c
BISE56_d;ThLaq;Th20;4;4;F+;+;4980;412;0,02940968;233;12;198;29;26,7689769;8111;303;14,42720307;7531;522;BISE56_d
BISE57_a;ThLaq;Int;1;1;H+;+;2947;316;0,029606188;164;17;137;22;12,0873494;4013;332;29,24242424;3860;132;BISE57_a
BISE57_b;ThLaq;Int;1;2;H+;+;2774;279;0,035764936;144;15;122;18;10,92439863;3179;291;34,08888889;3068;90;BISE57_b
BISE57_c;ThLaq;Int;1;3;H+;+;2429;293;0,028390762;155;15;128;22;12,30141844;3469;282;30,32727273;3336;110;BISE57_c
BISE57_d;ThLaq;Int;1;4;H+;+;2660;302;0,029262282;156;17;128;21;10,56069364;3654;346;23,56462585;3464;147;BISE57_d
BISE58_a;ThLaq;Int;2;1;H+;+;4052;370;0,029678459;214;16;175;30;17,04385965;5829;342;29,04663212;5606;193;BISE58_a
BISE58_b;ThLaq;Int;2;2;H+;+;2003;289;0,024065263;153;12;130;16;18,68072289;3101;166;37,5;3000;80;BISE58_b
BISE58_c;ThLaq;Int;2;3;H+;+;2878;317;0,028730583;174;14;144;22;15,17484663;4947;326;21;4620;220;BISE58_c
BISE58_d;ThLaq;Int;2;4;H+;+;3389;335;0,030288676;180;15;150;24;15,3812709;4599;299;22,69270833;4357;192;BISE58_d
BISE59_a;ThLaq;Int;3;1;H+;+;2625;325;0,024928775;160;16;125;27;11,70940171;4110;351;20,5978836;3893;189;BISE59_a
BISE59_b;ThLaq;Int;3;2;H+;+;1973;254;0,030702437;135;13;109;21;10,46691176;2847;272;26,01904762;2732;105;BISE59_b
BISE59_c;ThLaq;Int;3;3;H+;+;2157;275;0,02862641;139;11;103;29;16,95789474;3222;190;14,75369458;2995;203;BISE59_c
BISE59_d;ThLaq;Int;3;4;H+;+;2683;308;0,02837472;162;15;127;29;12,53432836;4199;335;17,01293103;3947;232;BISE59_d
BISE60_a;ThLaq;Int;4;1;H+;+;3555;370;0,026038233;198;17;162;25;14,0047619;5882;420;22,152;5538;250;BISE60_a
BISE60_b;ThLaq;Int;4;2;H+;+;2725;305;0,02938956;181;15;154;18;17,33636364;3814;220;51,58333333;3714;72;BISE60_b
BISE60_c;ThLaq;Int;4;3;H+;+;3246;326;0,030637093;175;17;141;27;12,27777778;3978;324;28,36296296;3829;135;BISE60_c
BISE60_d;ThLaq;Int;4;4;H+;+;3463;353;0,027869882;187;16;158;22;14,7979798;4395;297;38,87272727;4276;110;BISE60_d
BISE61_a;ThLaq;Ext;1;1;H-;-;3886;344;0,032934436;193;14;144;35;17,76100629;5648;318;13,48571429;5192;385;BISE61_a
BISE61_b;ThLaq;Ext;1;2;H-;-;4706;374;0,033734283;210;16;170;25;15,32701422;6468;422;22,28727273;6129;275;BISE61_b
BISE61_c;ThLaq;Ext;1;3;H-;-;3958;389;0,02622373;202;19;153;35;13,29840547;5838;439;15,32285714;5363;350;BISE61_c
BISE61_d;ThLaq;Ext;1;4;H-;-;3704;349;0,030497645;198;12;159;24;16,90123457;5476;324;21,26666667;5104;240;BISE61_d
BISE62_a;ThLaq;Ext;2;1;H-;-;3224;336;0,028642502;176;17;130;34;10,83606557;5288;488;11,80637255;4817;408;BISE62_a
BISE62_b;ThLaq;Ext;2;2;H-;-;3550;356;0,028089888;191;18;143;33;12,19534884;5244;430;15,71290323;4871;310;BISE62_b
BISE62_c;ThLaq;Ext;2;3;H-;-;3997;386;0,026895902;194;20;146;34;11,82235529;5923;501;18,15686275;5556;306;BISE62_c
BISE62_d;ThLaq;Ext;2;4;H-;-;2864;343;0,024414778;179;19;132;33;10,75912409;4422;411;15,52651515;4099;264;BISE62_d
BISE63_a;ThLaq;Ext;3;1;H-;-;4986;398;0,031555764;221;18;172;39;14,58230453;7087;486;13,4661191;6558;487;BISE63_a
BISE63_b;ThLaq;Ext;3;2;H-;-;3199;300;0,035663322;167;13;136;22;15,82474227;4605;291;22,02020202;4360;198;BISE63_b
BISE63_c;ThLaq;Ext;3;3;H-;-;2693;303;0,029429764;159;10;127;22;22,046875;4233;192;22,40909091;3944;176;BISE63_c
BISE63_d;ThLaq;Ext;3;4;H-;-;3961;366;0,029650423;200;17;159;30;16,53692615;8285;501;15,23014257;7478;491;BISE63_d
BISE64_a;ThLaq;Ext;4;1;H-;-;4582;413;0,026928231;221;21;172;41;12,58655462;7489;595;14,02439024;6900;492;BISE64_a
BISE64_b;ThLaq;Ext;4;2;H-;-;3242;339;0,028294147;175;16;131;38;10,99027237;5649;514;10,84110169;5117;472;BISE64_b
BISE64_c;ThLaq;Ext;4;3;H-;-;3859;358;0,030194201;185;16;138;39;11,48547718;5536;482;13,11794872;5116;390;BISE64_c
BISE64_d;ThLaq;Ext;4;4;H-;-;4195;385;0,028375271;209;16;158;42;14,2517321;6171;433;13,03661327;5697;437;BISE64_d
